name,displayName,description,module,path,standalone
adv-elicit,Advanced Elicitation,When called from workflow,core,bmad/core/tasks/adv-elicit.xml,false
index-docs,Index Docs,Generates or updates an index.md of all documents in the specified directory,core,bmad/core/tasks/index-docs.xml,true
validate-workflow,Validate Workflow Output,Run a checklist against a document with thorough analysis and produce a validation report,core,bmad/core/tasks/validate-workflow.xml,false
workflow,Execute Workflow,"Execute given workflow by loading its configuration, following instructions, and producing output",core,bmad/core/tasks/workflow.xml,false
fusion-ai_engineer,Ai Engineer,Fusion task auto-generated,fusion,bmad/fusion/tasks/ai_engineer.md,true
fusion-backend_architect,Backend Architect,Fusion task auto-generated,fusion,bmad/fusion/tasks/backend_architect.md,true
fusion-business_analyst,Business Analyst,Fusion task auto-generated,fusion,bmad/fusion/tasks/business_analyst.md,true
fusion-risk_manager,Risk Manager,Fusion task auto-generated,fusion,bmad/fusion/tasks/risk_manager.md,true
fusion-trend_researcher,Trend Researcher,Fusion task auto-generated,fusion,bmad/fusion/tasks/trend_researcher.md,true
